pm001,b147,981.26,2026-03-10,Credit Card
pm002,b20,2931.86,2025-11-02,E-Wallet
pm003,b52,3172.5,2025-06-14,Credit Card
pm004,b140,3444.91,2026-03-08,E-Wallet
pm005,b117,765.59,2026-04-17,FPX
pm006,b119,991.95,2025-08-30,Credit Card
pm007,b127,1253.44,2025-12-17,Credit Card
pm008,b78,4199.59,2026-02-10,Credit Card
pm009,b124,1378.62,2025-10-13,Credit Card
pm010,b198,1817.03,2026-03-23,Credit Card
pm011,b137,4496.73,2026-05-02,Credit Card
pm012,b4,4559.93,2025-10-26,Credit Card
pm013,b87,2037.79,2025-10-04,Credit Card
pm014,b174,3463.61,2025-12-05,Credit Card
pm015,b51,3277.01,2026-03-23,Credit Card
pm016,b76,920.79,2025-10-03,Credit Card
pm017,b155,2699.21,2025-12-13,Credit Card
pm018,b79,999.22,2026-01-05,E-Wallet
pm019,b149,3421.64,2025-07-16,E-Wallet
pm020,b102,3622.16,2025-10-25,Credit Card
pm021,b17,2385.0,2026-03-03,FPX
pm022,b32,1895.21,2025-06-27,FPX
pm023,b78,2535.02,2025-07-01,FPX
pm024,b200,3364.05,2025-10-19,Credit Card
pm025,b62,4236.94,2026-04-30,Credit Card
pm026,b143,539.9,2026-01-03,FPX
pm027,b92,4510.18,2025-07-01,Credit Card
pm028,b191,4143.32,2026-04-11,E-Wallet
pm029,b72,1035.92,2025-10-18,FPX
pm030,b103,1348.1,2025-07-01,Credit Card
pm031,b126,1284.01,2026-05-19,Credit Card
pm032,b81,1430.61,2026-02-23,E-Wallet
pm033,b28,4283.23,2026-02-09,Credit Card
pm034,b95,3956.11,2025-07-04,FPX
pm035,b164,1986.23,2026-03-03,FPX
pm036,b129,1161.15,2026-04-13,E-Wallet
pm037,b10,1227.15,2025-10-18,E-Wallet
pm038,b97,2643.21,2025-07-21,Credit Card
pm039,b84,4661.65,2026-05-11,Credit Card
pm040,b159,4437.11,2025-12-30,Credit Card
pm041,b156,2715.75,2026-04-28,FPX
pm042,b149,4424.63,2025-08-02,Credit Card
pm043,b40,2719.02,2026-05-21,FPX
pm044,b99,732.81,2025-12-11,E-Wallet
pm045,b150,2845.17,2025-09-30,Credit Card
pm046,b5,3809.35,2025-09-11,Credit Card
pm047,b55,2959.23,2025-06-26,FPX
pm048,b161,692.29,2025-09-07,E-Wallet
pm049,b7,4368.63,2025-07-15,FPX
pm050,b117,1692.71,2025-12-31,FPX
pm051,b101,4435.29,2026-03-26,FPX
pm052,b173,4720.35,2025-07-13,E-Wallet
pm053,b41,1345.49,2025-06-14,E-Wallet
pm054,b15,694.54,2026-04-15,Credit Card
pm055,b54,1572.04,2026-01-31,Credit Card
pm056,b181,1339.98,2025-06-11,Credit Card
pm057,b135,1300.0,2025-09-27,E-Wallet
pm058,b77,3438.54,2025-08-24,Credit Card
pm059,b85,3193.67,2026-02-14,E-Wallet
pm060,b13,2249.6,2025-09-07,E-Wallet
pm061,b44,1450.87,2025-10-29,E-Wallet
pm062,b17,2547.16,2025-12-03,Credit Card
pm063,b79,2920.54,2025-08-29,Credit Card
pm064,b183,4200.81,2025-12-15,E-Wallet
pm065,b199,2517.21,2026-03-26,E-Wallet
pm066,b78,2812.74,2025-07-16,Credit Card
pm067,b106,3850.27,2025-08-19,Credit Card
pm068,b74,3249.73,2025-07-26,E-Wallet
pm069,b94,3918.51,2026-03-24,Credit Card
pm070,b117,4247.57,2025-08-15,E-Wallet
pm071,b142,3256.54,2026-04-08,Credit Card
pm072,b35,4957.1,2025-08-31,Credit Card
pm073,b57,954.59,2025-10-11,E-Wallet
pm074,b101,890.86,2025-10-25,Credit Card
pm075,b40,1345.15,2026-03-23,FPX
pm076,b196,4219.26,2026-01-11,E-Wallet
pm077,b180,2034.66,2026-05-01,Credit Card
pm078,b115,4325.13,2025-08-04,FPX
pm079,b106,643.03,2025-12-25,Credit Card
pm080,b51,3671.65,2026-05-12,FPX
pm081,b71,2427.76,2025-06-13,Credit Card
pm082,b23,3906.91,2026-01-11,Credit Card
pm083,b183,4015.94,2026-02-08,Credit Card
pm084,b125,3748.58,2025-07-14,Credit Card
pm085,b151,3273.85,2025-10-22,Credit Card
pm086,b141,4743.05,2026-05-01,E-Wallet
pm087,b133,2084.38,2026-03-15,Credit Card
pm088,b122,2060.13,2026-03-06,Credit Card
pm089,b152,4489.07,2025-12-28,FPX
pm090,b60,2310.2,2026-04-12,FPX
pm091,b117,2762.89,2026-05-06,E-Wallet
pm092,b122,3840.74,2025-11-18,FPX
pm093,b5,4808.84,2026-02-20,Credit Card
pm094,b107,2934.98,2025-12-01,E-Wallet
pm095,b154,3507.34,2026-02-02,Credit Card
pm096,b69,3720.31,2025-11-02,Credit Card
pm097,b56,3014.22,2026-03-02,E-Wallet
pm098,b116,3230.04,2026-02-17,Credit Card
pm099,b192,1962.78,2025-12-02,FPX
pm100,b48,4364.02,2026-02-12,E-Wallet
pm101,b75,732.43,2026-02-05,FPX
pm102,b189,3763.84,2025-09-11,E-Wallet
pm103,b30,2107.03,2026-01-21,E-Wallet
pm104,b101,4742.38,2025-09-15,FPX
pm105,b188,2979.9,2025-08-16,Credit Card
pm106,b196,988.88,2025-10-19,Credit Card
pm107,b194,3776.34,2026-01-25,FPX
pm108,b8,2337.48,2025-10-10,FPX
pm109,b182,700.55,2025-12-17,FPX
pm110,b186,1217.68,2026-03-18,Credit Card
pm111,b183,1283.43,2026-02-09,E-Wallet
pm112,b178,3580.29,2025-09-23,Credit Card
pm113,b3,2417.76,2025-10-30,Credit Card
pm114,b199,3572.5,2025-12-22,E-Wallet
pm115,b142,1821.13,2025-08-21,Credit Card
pm116,b35,2466.1,2025-07-12,E-Wallet
pm117,b94,2070.25,2025-10-21,FPX
pm118,b71,1917.9,2025-08-21,Credit Card
pm119,b135,3878.97,2025-07-17,Credit Card
pm120,b85,3836.39,2025-10-24,FPX
pm121,b25,962.78,2026-03-24,Credit Card
pm122,b90,4574.78,2025-11-22,Credit Card
pm123,b27,2049.51,2025-08-31,E-Wallet
pm124,b150,2448.07,2026-04-27,FPX
pm125,b99,4361.29,2026-02-05,FPX
pm126,b80,1694.33,2025-08-06,FPX
pm127,b13,3824.43,2025-12-17,E-Wallet
pm128,b119,2357.33,2025-10-14,FPX
pm129,b92,2948.13,2025-08-15,E-Wallet
pm130,b176,2393.87,2026-04-28,E-Wallet
pm131,b165,1296.3,2025-11-07,Credit Card
pm132,b145,3588.94,2026-01-02,Credit Card
pm133,b123,4490.04,2025-10-04,Credit Card
pm134,b29,1005.8,2025-06-13,E-Wallet
pm135,b160,3103.68,2025-11-25,Credit Card
pm136,b65,863.61,2026-01-02,E-Wallet
pm137,b48,4753.65,2026-01-08,Credit Card
pm138,b121,2973.52,2026-02-19,FPX
pm139,b156,4686.53,2025-07-06,Credit Card
pm140,b1,3277.1,2025-12-26,FPX
pm141,b58,2621.22,2026-04-15,FPX
pm142,b21,4600.81,2026-03-22,E-Wallet
pm143,b200,1810.29,2025-08-27,Credit Card
pm144,b7,2876.48,2025-09-05,E-Wallet
pm145,b163,3122.25,2026-05-27,FPX
pm146,b187,619.95,2025-11-30,FPX
pm147,b87,1937.27,2025-07-15,FPX
pm148,b109,1847.7,2026-04-17,FPX
pm149,b60,3948.04,2026-03-24,FPX
pm150,b134,3733.95,2026-03-04,E-Wallet
pm151,b114,1510.34,2026-02-15,FPX
pm152,b164,1841.94,2025-12-12,Credit Card
pm153,b170,2052.44,2025-07-16,FPX
pm154,b135,3644.14,2025-07-14,FPX
pm155,b4,4665.56,2026-04-28,FPX
pm156,b141,1672.08,2026-01-08,FPX
pm157,b197,1000.88,2025-11-22,E-Wallet
pm158,b11,3733.55,2026-03-15,FPX
pm159,b53,1023.87,2025-11-07,Credit Card
pm160,b2,4500.65,2025-12-24,FPX
pm161,b16,1644.33,2025-11-19,FPX
pm162,b173,1000.18,2025-07-09,Credit Card
pm163,b6,1280.03,2025-10-17,E-Wallet
pm164,b168,4389.59,2025-08-13,E-Wallet
pm165,b55,2432.23,2025-11-15,Credit Card
pm166,b117,3215.32,2026-04-15,E-Wallet
pm167,b163,2350.81,2025-09-05,E-Wallet
pm168,b137,1241.78,2026-05-28,FPX
pm169,b85,935.11,2026-05-19,Credit Card
pm170,b199,2311.04,2025-10-02,E-Wallet
pm171,b40,3638.54,2026-05-05,FPX
pm172,b96,732.49,2026-03-13,E-Wallet
pm173,b40,1195.48,2025-09-01,E-Wallet
pm174,b88,4822.17,2025-11-13,E-Wallet
pm175,b13,3043.88,2025-07-02,Credit Card
pm176,b97,3412.87,2026-05-18,FPX
pm177,b153,1145.16,2025-12-22,E-Wallet
pm178,b54,4076.81,2025-11-06,FPX
pm179,b178,1830.68,2025-08-05,FPX
pm180,b5,3729.21,2025-09-19,Credit Card
pm181,b105,3583.86,2025-10-13,FPX
pm182,b102,2184.89,2025-07-30,Credit Card
pm183,b45,1775.3,2025-08-21,E-Wallet
pm184,b140,1486.75,2025-11-11,Credit Card
pm185,b59,2846.35,2025-08-27,Credit Card
pm186,b17,1915.29,2025-09-20,FPX
pm187,b80,1441.57,2025-06-15,Credit Card
pm188,b87,2052.16,2026-05-18,Credit Card
pm189,b176,4207.0,2026-05-28,Credit Card
pm190,b41,2858.48,2026-03-08,Credit Card
pm191,b194,3130.27,2025-06-17,Credit Card
pm192,b66,2645.05,2025-06-26,FPX
pm193,b185,3891.28,2025-08-03,FPX
pm194,b102,766.26,2025-12-23,FPX
pm195,b15,4097.02,2025-08-24,Credit Card
pm196,b146,2864.55,2025-10-07,FPX
pm197,b169,3815.08,2026-05-30,Credit Card
pm198,b123,1507.32,2025-10-26,Credit Card
pm199,b38,2589.34,2025-11-08,E-Wallet
pm200,b116,2807.78,2025-11-07,FPX
pm201,b175,1134.2,2026-04-03,E-Wallet
pm202,b85,1059.13,2026-03-21,FPX
pm203,b46,2924.19,2026-04-10,Credit Card
pm204,b164,3451.71,2025-08-22,FPX
pm205,b39,4428.37,2026-05-15,E-Wallet
pm206,b103,4881.24,2025-09-20,E-Wallet
pm207,b37,2940.68,2025-08-10,E-Wallet
pm208,b163,1072.85,2026-03-01,Credit Card
pm209,b138,3673.17,2025-09-06,Credit Card
pm210,b7,730.86,2025-09-03,E-Wallet
pm211,b184,4306.37,2025-09-28,E-Wallet
pm212,b153,597.96,2025-08-23,FPX
pm213,b182,2286.42,2026-02-06,E-Wallet
pm214,b23,3442.34,2026-04-21,Credit Card
pm215,b6,2062.24,2026-05-09,FPX
pm216,b194,597.98,2025-06-18,FPX
pm217,b3,4004.54,2026-05-08,E-Wallet
pm218,b156,3505.8,2025-09-24,E-Wallet
pm219,b112,3959.68,2026-03-09,Credit Card
pm220,b111,2264.11,2025-10-03,FPX
pm221,b55,3010.31,2026-02-26,FPX
pm222,b8,4777.53,2026-04-08,Credit Card
pm223,b197,1330.11,2025-08-31,Credit Card
pm224,b103,3012.04,2025-08-24,FPX
pm225,b83,1468.86,2026-01-12,Credit Card
pm226,b165,2553.81,2025-12-14,Credit Card
pm227,b115,4972.13,2026-02-04,FPX
pm228,b119,1138.73,2026-01-19,FPX
pm229,b126,4335.21,2025-06-29,Credit Card
pm230,b68,3324.22,2025-08-28,FPX
pm231,b49,3867.92,2025-11-18,FPX
pm232,b137,2267.18,2026-02-24,FPX
pm233,b37,4843.81,2026-05-19,FPX
pm234,b131,4437.41,2025-07-07,Credit Card
pm235,b62,3699.24,2025-07-19,E-Wallet
pm236,b199,4975.83,2026-04-24,FPX
pm237,b156,1409.58,2026-01-26,Credit Card
pm238,b131,3724.06,2026-05-29,FPX
pm239,b157,2138.89,2025-06-29,Credit Card
pm240,b177,1455.73,2026-04-19,Credit Card
pm241,b11,2026.55,2026-03-18,Credit Card
pm242,b163,1399.48,2025-08-03,Credit Card
pm243,b143,3243.5,2025-08-02,E-Wallet
pm244,b9,3153.2,2026-02-19,E-Wallet
pm245,b158,4918.07,2025-07-16,Credit Card
pm246,b84,3192.94,2026-03-06,Credit Card
pm247,b11,3502.13,2025-10-12,Credit Card
pm248,b50,4241.62,2026-03-30,Credit Card
pm249,b66,2521.67,2025-08-08,Credit Card
pm250,b82,3513.83,2025-10-10,Credit Card
pm251,b20,3879.52,2026-01-21,Credit Card
pm252,b68,2720.07,2026-05-23,FPX
pm253,b116,4648.86,2025-06-18,FPX
pm254,b27,872.76,2026-03-10,Credit Card
pm255,b40,4829.66,2026-04-05,FPX
pm256,b8,1323.97,2025-08-24,E-Wallet
pm257,b169,1903.23,2025-08-14,E-Wallet
pm258,b156,1200.69,2026-05-14,E-Wallet
pm259,b94,1627.65,2025-10-28,FPX
pm260,b133,4067.25,2026-05-28,Credit Card
pm261,b137,1907.03,2025-12-26,FPX
pm262,b45,4509.4,2025-11-30,Credit Card
pm263,b113,3954.06,2025-08-25,FPX
pm264,b83,4166.66,2026-03-13,FPX
pm265,b98,2251.76,2025-11-19,Credit Card
pm266,b166,2652.46,2026-01-24,FPX
pm267,b175,3375.11,2025-08-19,E-Wallet
pm268,b73,1657.03,2025-09-10,Credit Card
pm269,b124,2550.12,2026-05-21,FPX
pm270,b115,4822.66,2026-03-25,FPX
pm271,b49,3328.45,2025-07-19,Credit Card
pm272,b65,4581.71,2025-07-31,FPX
pm273,b125,649.81,2025-12-01,Credit Card
pm274,b14,3961.65,2025-10-21,FPX
pm275,b62,1309.42,2026-04-10,Credit Card
pm276,b97,2736.86,2026-02-24,E-Wallet
pm277,b123,4078.48,2026-03-11,FPX
pm278,b56,1247.62,2026-02-07,FPX
pm279,b48,772.42,2026-03-02,E-Wallet
pm280,b45,756.28,2025-08-01,E-Wallet
pm281,b65,1599.23,2026-05-26,FPX
pm282,b37,3549.37,2025-08-10,Credit Card
pm283,b162,2092.22,2025-09-05,FPX
pm284,b17,1819.3,2025-08-12,FPX
pm285,b100,1427.65,2025-06-15,E-Wallet
pm286,b184,1197.66,2026-02-01,Credit Card
pm287,b15,4594.95,2025-09-30,Credit Card
pm288,b182,4454.33,2026-02-26,Credit Card
pm289,b1,3107.25,2025-06-07,E-Wallet
pm290,b78,1205.73,2026-01-30,Credit Card
pm291,b154,2263.68,2025-12-13,FPX
pm292,b110,659.73,2026-03-05,E-Wallet
pm293,b56,4832.61,2025-11-25,FPX
pm294,b154,1093.0,2025-06-27,Credit Card
pm295,b68,2423.71,2025-06-30,FPX
pm296,b80,2477.12,2026-01-14,Credit Card
pm297,b154,4047.56,2025-06-21,FPX
pm298,b2,1654.89,2026-05-30,E-Wallet
pm299,b113,1713.4,2026-05-25,E-Wallet
pm300,b152,2216.72,2025-11-24,E-Wallet
pm001,b182,1277.38,2025-12-25,E-Wallet
pm002,b159,4581.69,2025-08-27,E-Wallet
pm003,b189,4590.87,2026-05-21,Credit Card
pm004,b117,2512.19,2025-07-03,E-Wallet
pm005,b41,3035.09,2026-03-12,Credit Card
pm006,b125,1026.73,2025-08-10,FPX
pm007,b7,3393.0,2026-05-19,FPX
pm008,b117,2309.75,2025-12-22,E-Wallet
pm009,b180,2582.57,2026-04-15,E-Wallet
pm010,b158,4234.63,2025-12-13,Credit Card
pm011,b132,1097.48,2026-05-31,Credit Card
pm012,b21,4788.97,2026-03-19,FPX
pm013,b65,2248.29,2025-08-14,Credit Card
pm014,b168,602.0,2025-11-06,E-Wallet
pm015,b126,4075.72,2026-05-22,FPX
pm016,b7,2487.11,2026-05-24,FPX
pm017,b6,4828.44,2026-04-25,FPX
pm018,b145,1918.67,2026-02-05,Credit Card
pm019,b79,1016.58,2025-09-22,E-Wallet
pm020,b147,3535.45,2025-10-24,FPX
pm021,b150,3791.56,2025-09-04,E-Wallet
pm022,b198,1516.54,2025-08-29,FPX
pm023,b9,4616.74,2025-09-23,FPX
pm024,b103,509.65,2026-02-02,E-Wallet
pm025,b97,1607.17,2026-04-28,FPX
pm026,b47,2534.64,2025-11-03,E-Wallet
pm027,b94,4615.54,2025-08-25,FPX
pm028,b114,2967.95,2025-12-30,E-Wallet
pm029,b98,896.29,2025-10-09,E-Wallet
pm030,b49,1936.83,2026-05-08,Credit Card
pm031,b180,1146.26,2025-12-16,FPX
pm032,b23,2133.48,2026-05-21,E-Wallet
pm033,b184,4511.0,2026-02-24,Credit Card
pm034,b66,1120.27,2025-09-12,FPX
pm035,b157,3289.51,2026-04-08,Credit Card
pm036,b176,2394.57,2025-12-27,E-Wallet
pm037,b150,2822.23,2026-02-16,E-Wallet
pm038,b22,1488.35,2025-11-28,E-Wallet
pm039,b30,571.1,2026-03-15,E-Wallet
pm040,b24,1930.18,2025-08-02,FPX
pm041,b10,2786.78,2026-03-28,FPX
pm042,b184,2013.17,2025-06-10,Credit Card
pm043,b40,1317.54,2026-03-28,FPX
pm044,b147,3854.47,2025-09-09,E-Wallet
pm045,b46,1154.79,2025-06-21,Credit Card
pm046,b136,3084.29,2025-06-21,FPX
pm047,b131,4952.85,2026-05-26,E-Wallet
pm048,b88,777.26,2025-11-06,FPX
pm049,b199,4287.55,2026-05-09,Credit Card
pm050,b108,3815.43,2026-05-02,E-Wallet
pm051,b128,4019.04,2025-10-07,E-Wallet
pm052,b188,1904.34,2025-10-23,E-Wallet
pm053,b175,588.4,2026-05-03,E-Wallet
pm054,b101,1774.96,2026-02-01,Credit Card
pm055,b127,509.75,2026-05-31,Credit Card
pm056,b101,3278.76,2026-01-29,FPX
pm057,b184,4294.34,2025-08-09,E-Wallet
pm058,b151,2393.47,2026-04-19,E-Wallet
pm059,b146,4520.47,2026-01-25,FPX
pm060,b79,1008.41,2026-01-21,FPX
pm061,b111,2502.52,2026-01-27,Credit Card
pm062,b174,4486.44,2026-05-19,Credit Card
pm063,b194,4776.61,2025-10-16,FPX
pm064,b181,4241.3,2026-01-21,FPX
pm065,b5,2945.91,2026-01-07,FPX
pm066,b77,3035.18,2025-08-16,Credit Card
pm067,b153,933.82,2025-07-26,E-Wallet
pm068,b45,2694.23,2026-01-19,Credit Card
pm069,b10,2619.86,2025-08-11,Credit Card
pm070,b173,2478.14,2025-07-06,FPX
pm071,b152,2382.62,2025-08-30,FPX
pm072,b39,3910.38,2025-10-17,E-Wallet
pm073,b161,3306.97,2026-01-30,FPX
pm074,b143,655.76,2025-08-06,Credit Card
pm075,b159,2309.12,2025-08-13,Credit Card
pm076,b44,3395.17,2025-10-10,Credit Card
pm077,b184,4734.8,2026-05-04,Credit Card
pm078,b7,2720.85,2026-02-23,FPX
pm079,b195,4943.94,2025-10-10,Credit Card
pm080,b144,972.21,2025-08-21,FPX
pm081,b178,3724.61,2026-01-16,Credit Card
pm082,b18,2471.0,2026-05-18,Credit Card
pm083,b39,3487.32,2026-04-27,E-Wallet
pm084,b194,1709.57,2025-07-19,FPX
pm085,b106,1177.87,2025-07-12,FPX
pm086,b161,1534.22,2026-01-20,FPX
pm087,b37,1486.64,2026-03-09,Credit Card
pm088,b198,1998.11,2025-09-08,E-Wallet
pm089,b158,4309.46,2025-12-09,FPX
pm090,b50,1343.34,2025-11-01,FPX
pm091,b83,2070.04,2025-12-20,E-Wallet
pm092,b86,3184.31,2026-02-04,Credit Card
pm093,b132,3961.91,2025-07-23,Credit Card
pm094,b149,2698.47,2025-07-05,E-Wallet
pm095,b160,2349.04,2026-03-27,Credit Card
pm096,b92,2502.7,2025-11-02,E-Wallet
pm097,b200,1750.88,2025-06-30,FPX
pm098,b58,1247.75,2025-12-19,Credit Card
pm099,b123,820.39,2026-01-20,Credit Card
pm100,b63,4332.11,2026-03-29,Credit Card
pm101,b177,3994.12,2025-09-10,E-Wallet
pm102,b9,752.94,2026-01-13,FPX
pm103,b92,2452.69,2026-01-14,FPX
pm104,b85,1450.23,2026-03-25,FPX
pm105,b133,4736.61,2026-01-23,E-Wallet
pm106,b176,2610.84,2025-12-25,FPX
pm107,b91,4754.31,2026-05-21,Credit Card
pm108,b54,4215.61,2026-05-30,Credit Card
pm109,b190,2786.78,2026-01-29,Credit Card
pm110,b6,3352.02,2025-10-12,FPX
pm111,b165,3705.61,2026-01-03,FPX
pm112,b135,2038.45,2025-10-26,E-Wallet
pm113,b115,2608.51,2025-08-24,FPX
pm114,b16,629.15,2026-02-26,FPX
pm115,b2,4445.33,2026-05-21,E-Wallet
pm116,b117,683.49,2025-06-27,Credit Card
pm117,b21,3253.47,2025-08-04,Credit Card
pm118,b16,1664.66,2026-02-08,E-Wallet
pm119,b2,580.71,2026-04-15,E-Wallet
pm120,b131,844.3,2025-06-18,E-Wallet
pm121,b130,2632.24,2025-11-06,Credit Card
pm122,b125,1470.67,2026-04-22,E-Wallet
pm123,b99,1332.24,2026-03-04,E-Wallet
pm124,b110,4589.07,2026-05-07,FPX
pm125,b158,4148.44,2025-07-23,E-Wallet
pm126,b171,2844.26,2026-02-12,E-Wallet
pm127,b113,2095.39,2026-01-09,E-Wallet
pm128,b192,2032.68,2026-01-16,Credit Card
pm129,b25,4106.31,2025-06-16,FPX
pm130,b197,4162.89,2026-01-06,E-Wallet
pm131,b69,2970.1,2025-07-12,E-Wallet
pm132,b112,517.41,2026-02-05,E-Wallet
pm133,b156,2214.6,2025-10-18,FPX
pm134,b47,620.38,2026-03-04,Credit Card
pm135,b2,4197.13,2025-12-02,E-Wallet
pm136,b38,3516.87,2026-04-10,E-Wallet
pm137,b122,1355.03,2025-06-25,E-Wallet
pm138,b160,4644.61,2026-01-29,E-Wallet
pm139,b80,3693.48,2026-01-05,E-Wallet
pm140,b50,3400.85,2026-01-29,Credit Card
pm141,b33,2741.02,2026-01-16,FPX
pm142,b3,1055.15,2025-12-14,E-Wallet
pm143,b170,3597.96,2026-02-02,Credit Card
pm144,b167,4372.87,2025-10-12,Credit Card
pm145,b59,1694.01,2025-11-10,E-Wallet
pm146,b82,552.55,2025-11-15,E-Wallet
pm147,b127,3767.6,2025-06-21,Credit Card
pm148,b195,1087.56,2025-10-16,FPX
pm149,b4,4337.75,2026-05-12,E-Wallet
pm150,b151,2118.98,2025-10-06,FPX
pm151,b106,4710.03,2026-04-25,Credit Card
pm152,b30,2933.11,2026-01-27,Credit Card
pm153,b59,3701.95,2025-08-30,Credit Card
pm154,b28,3934.95,2026-05-06,FPX
pm155,b20,1813.97,2026-02-28,Credit Card
pm156,b87,4963.73,2025-10-29,FPX
pm157,b121,4984.31,2025-09-21,FPX
pm158,b7,3361.97,2025-12-03,Credit Card
pm159,b38,825.13,2025-06-08,Credit Card
pm160,b169,2708.75,2026-05-23,Credit Card
pm161,b194,3396.87,2025-11-11,E-Wallet
pm162,b9,4904.44,2025-10-26,E-Wallet
pm163,b73,2329.84,2025-11-04,FPX
pm164,b85,4402.28,2025-06-16,Credit Card
pm165,b20,2554.34,2026-01-12,Credit Card
pm166,b34,943.53,2026-04-02,E-Wallet
pm167,b191,613.33,2025-10-05,E-Wallet
pm168,b159,4092.68,2026-05-30,FPX
pm169,b182,3652.92,2026-01-22,FPX
pm170,b37,2797.83,2026-05-01,E-Wallet
pm171,b27,826.02,2025-10-06,Credit Card
pm172,b148,1510.03,2026-05-01,E-Wallet
pm173,b40,4323.8,2026-05-12,Credit Card
pm174,b36,3381.09,2026-01-05,E-Wallet
pm175,b100,2301.41,2026-03-22,FPX
pm176,b9,4721.29,2025-06-25,FPX
pm177,b89,1883.23,2026-02-25,E-Wallet
pm178,b3,3395.06,2025-09-28,Credit Card
pm179,b78,1442.19,2025-11-20,Credit Card
pm180,b33,3839.14,2025-10-12,E-Wallet
pm181,b18,2874.0,2026-05-01,FPX
pm182,b68,4512.19,2026-02-15,Credit Card
pm183,b32,3218.38,2026-01-07,Credit Card
pm184,b51,1591.87,2026-04-22,E-Wallet
pm185,b62,3655.94,2026-04-23,FPX
pm186,b139,1412.72,2026-01-20,FPX
pm187,b39,838.8,2025-12-22,Credit Card
pm188,b151,4608.17,2025-12-09,E-Wallet
pm189,b179,1121.57,2026-01-21,Credit Card
pm190,b180,4867.95,2026-02-19,FPX
pm191,b70,2358.89,2025-10-25,E-Wallet
pm192,b72,3256.3,2025-11-26,E-Wallet
pm193,b49,3464.97,2026-03-24,E-Wallet
pm194,b81,4970.79,2025-12-06,Credit Card
pm195,b185,981.2,2025-07-01,E-Wallet
pm196,b10,908.24,2026-01-07,FPX
pm197,b175,4148.39,2025-06-29,Credit Card
pm198,b74,3938.1,2025-06-25,E-Wallet
pm199,b164,3168.72,2026-03-07,E-Wallet
pm200,b38,4423.99,2025-11-07,E-Wallet
pm201,b11,4058.0,2026-04-20,FPX
pm202,b100,4686.58,2025-10-21,E-Wallet
pm203,b40,2251.67,2026-04-24,E-Wallet
pm204,b97,4194.41,2026-04-22,FPX
pm205,b148,3614.55,2026-02-20,Credit Card
pm206,b145,602.61,2025-12-27,Credit Card
pm207,b97,4057.11,2025-07-18,Credit Card
pm208,b169,997.28,2026-03-11,E-Wallet
pm209,b4,1466.96,2026-05-18,FPX
pm210,b124,2443.63,2026-04-08,E-Wallet
pm211,b101,2814.43,2025-10-05,FPX
pm212,b175,4952.18,2025-11-27,Credit Card
pm213,b152,3881.29,2025-07-13,Credit Card
pm214,b170,2921.89,2026-01-12,FPX
pm215,b89,1852.37,2026-02-05,Credit Card
pm216,b3,2244.87,2026-05-07,FPX
pm217,b110,2993.48,2026-05-13,FPX
pm218,b196,2349.6,2025-06-21,Credit Card
pm219,b179,2997.81,2026-01-05,Credit Card
pm220,b192,987.99,2026-03-24,FPX
pm221,b185,2536.85,2025-11-09,FPX
pm222,b46,2444.08,2025-10-09,Credit Card
pm223,b139,3022.57,2025-10-05,E-Wallet
pm224,b137,2511.45,2026-02-06,Credit Card
pm225,b156,2000.3,2026-04-04,Credit Card
pm226,b26,4280.52,2026-04-26,E-Wallet
pm227,b149,1645.38,2025-09-20,FPX
pm228,b70,941.44,2026-06-03,E-Wallet
pm229,b5,4243.96,2026-03-07,Credit Card
pm230,b41,2775.95,2025-09-27,FPX
pm231,b166,988.9,2026-03-15,FPX
pm232,b124,2031.04,2026-04-12,E-Wallet
pm233,b143,4044.53,2026-01-11,E-Wallet
pm234,b125,3635.64,2025-06-16,E-Wallet
pm235,b172,2035.4,2026-04-11,E-Wallet
pm236,b121,2764.86,2025-12-21,FPX
pm237,b92,1012.16,2026-03-06,E-Wallet
pm238,b25,3660.08,2026-02-22,E-Wallet
pm239,b144,3230.61,2026-03-19,E-Wallet
pm240,b82,2269.35,2026-05-30,Credit Card
pm241,b192,3153.48,2025-07-08,Credit Card
pm242,b151,3256.24,2026-04-12,E-Wallet
pm243,b92,952.08,2025-09-14,Credit Card
pm244,b15,4306.61,2025-08-22,FPX
pm245,b189,3809.85,2026-03-09,FPX
pm246,b127,791.57,2026-04-19,Credit Card
pm247,b170,1774.24,2026-05-16,E-Wallet
pm248,b8,2541.12,2026-05-02,E-Wallet
pm249,b16,511.6,2026-04-23,FPX
pm250,b122,4028.13,2025-09-26,E-Wallet
pm251,b58,1764.96,2025-09-19,FPX
pm252,b153,4241.45,2026-01-25,Credit Card
pm253,b152,968.71,2025-07-19,E-Wallet
pm254,b122,3749.03,2025-11-29,E-Wallet
pm255,b146,4051.2,2026-03-29,E-Wallet
pm256,b57,643.9,2026-05-21,E-Wallet
pm257,b14,1952.75,2025-11-15,E-Wallet
pm258,b12,4167.75,2026-04-07,E-Wallet
pm259,b69,1011.06,2025-12-12,E-Wallet
pm260,b183,4801.09,2026-05-29,E-Wallet
pm261,b71,3459.04,2025-09-29,Credit Card
pm262,b137,1870.69,2025-08-18,FPX
pm263,b111,4191.48,2026-03-26,FPX
pm264,b112,891.19,2025-10-05,E-Wallet
pm265,b158,4106.33,2025-09-30,FPX
pm266,b79,1712.92,2026-05-19,Credit Card
pm267,b177,1567.67,2026-02-05,FPX
pm268,b74,3255.36,2025-10-20,FPX
pm269,b83,4693.92,2025-10-30,Credit Card
pm270,b3,545.39,2025-07-13,FPX
pm271,b167,2630.95,2025-12-19,E-Wallet
pm272,b174,4154.91,2025-12-06,Credit Card
pm273,b185,3112.3,2025-11-16,FPX
pm274,b108,3603.7,2026-05-01,E-Wallet
pm275,b46,3063.79,2025-06-07,Credit Card
pm276,b198,2192.84,2026-03-09,FPX
pm277,b190,4392.39,2026-04-06,FPX
pm278,b182,4406.64,2026-03-17,FPX
pm279,b141,3920.46,2025-07-27,Credit Card
pm280,b88,2462.27,2025-12-07,Credit Card
pm281,b160,2814.67,2026-01-24,Credit Card
pm282,b137,4406.02,2025-08-29,Credit Card
pm283,b133,2662.12,2025-07-03,Credit Card
pm284,b95,1856.29,2025-12-20,E-Wallet
pm285,b130,4363.65,2025-07-11,Credit Card
pm286,b41,3104.48,2025-10-18,E-Wallet
pm287,b62,2938.05,2025-09-21,E-Wallet
pm288,b57,1520.91,2025-11-18,Credit Card
pm289,b104,621.69,2026-03-21,Credit Card
pm290,b179,4793.67,2025-09-02,Credit Card
pm291,b130,2637.16,2026-01-18,Credit Card
pm292,b88,2830.03,2025-08-24,E-Wallet
pm293,b4,3086.58,2025-06-10,Credit Card
pm294,b25,4769.65,2026-05-30,E-Wallet
pm295,b175,2175.11,2025-10-29,Credit Card
pm296,b89,4686.91,2025-10-24,E-Wallet
pm297,b72,4606.74,2025-07-15,E-Wallet
pm298,b156,1968.23,2025-08-10,Credit Card
pm299,b133,1731.13,2025-08-21,E-Wallet
pm300,b139,3686.36,2026-01-30,FPX
pm001,b2,1768.0,2026-02-05,E-Wallet
pm002,b121,1119.74,2025-11-24,E-Wallet
pm003,b32,3145.59,2026-01-20,E-Wallet
pm004,b177,2692.9,2026-01-26,FPX
pm005,b87,4032.29,2025-09-18,Credit Card
pm006,b29,2794.07,2026-02-11,FPX
pm007,b117,2442.97,2026-01-26,FPX
pm008,b116,3432.58,2025-08-29,E-Wallet
pm009,b64,2994.92,2026-04-07,Credit Card
pm010,b70,4907.97,2025-08-02,E-Wallet
pm011,b175,4616.63,2025-07-15,Credit Card
pm012,b150,1181.24,2025-08-27,Credit Card
pm013,b65,4333.98,2026-03-15,E-Wallet
pm014,b168,825.2,2026-04-15,Credit Card
pm015,b81,1513.62,2026-01-12,E-Wallet
pm016,b180,3950.04,2025-12-06,E-Wallet
pm017,b46,1442.61,2025-10-20,E-Wallet
pm018,b58,4676.37,2025-06-22,E-Wallet
pm019,b7,769.25,2025-11-20,FPX
pm020,b46,4716.05,2026-05-06,Credit Card
pm021,b38,698.15,2025-07-18,Credit Card
pm022,b52,4634.26,2025-08-19,E-Wallet
pm023,b64,2594.36,2025-08-24,Credit Card
pm024,b6,2178.17,2025-08-22,Credit Card
pm025,b106,4279.99,2025-09-23,FPX
pm026,b121,4362.94,2026-03-28,E-Wallet
pm027,b4,2192.86,2026-05-21,Credit Card
pm028,b123,3335.96,2025-10-09,E-Wallet
pm029,b71,2381.17,2026-05-07,E-Wallet
pm030,b46,2720.16,2026-05-26,FPX
pm031,b144,4002.26,2025-12-23,E-Wallet
pm032,b151,1931.4,2026-05-28,E-Wallet
pm033,b161,1670.39,2026-05-07,Credit Card
pm034,b137,3345.75,2025-08-31,FPX
pm035,b192,3922.01,2025-11-20,E-Wallet
pm036,b45,2179.48,2026-03-06,Credit Card
pm037,b87,4618.01,2026-04-21,Credit Card
pm038,b108,1322.83,2026-03-03,Credit Card
pm039,b147,4254.71,2025-08-29,FPX
pm040,b152,1401.76,2026-03-28,Credit Card
pm041,b187,3040.74,2025-11-14,Credit Card
pm042,b160,2677.65,2026-01-04,Credit Card
pm043,b197,4931.77,2025-12-26,Credit Card
pm044,b19,1339.72,2026-03-21,Credit Card
pm045,b194,3466.74,2025-12-24,E-Wallet
pm046,b175,4792.37,2025-06-07,Credit Card
pm047,b119,1400.06,2026-05-02,Credit Card
pm048,b31,4271.18,2026-04-28,FPX
pm049,b135,4859.83,2025-09-25,E-Wallet
pm050,b140,2716.58,2025-06-23,Credit Card
pm051,b194,1146.4,2026-05-12,FPX
pm052,b95,4051.51,2025-06-14,E-Wallet
pm053,b57,4933.99,2025-10-18,FPX
pm054,b28,3330.02,2026-05-17,E-Wallet
pm055,b60,2207.98,2025-08-17,E-Wallet
pm056,b63,1966.27,2026-03-10,Credit Card
pm057,b135,1604.74,2025-07-08,FPX
pm058,b73,3508.11,2026-01-09,Credit Card
pm059,b139,3225.3,2025-10-19,E-Wallet
pm060,b19,4717.4,2025-06-23,Credit Card
pm061,b133,1191.82,2025-12-17,Credit Card
pm062,b92,4329.19,2025-06-13,E-Wallet
pm063,b29,2944.59,2025-07-17,E-Wallet
pm064,b93,866.37,2026-02-28,E-Wallet
pm065,b161,547.75,2025-07-01,FPX
pm066,b157,1927.84,2026-01-08,E-Wallet
pm067,b25,3577.43,2025-12-01,FPX
pm068,b116,2689.18,2026-05-21,FPX
pm069,b158,2728.5,2026-01-12,E-Wallet
pm070,b101,1825.17,2026-01-26,FPX
pm071,b118,3154.37,2026-02-26,FPX
pm072,b125,2011.44,2025-07-08,E-Wallet
pm073,b136,2007.57,2025-10-16,FPX
pm074,b137,3432.23,2025-06-07,Credit Card
pm075,b80,4983.58,2026-05-20,E-Wallet
pm076,b93,3728.28,2026-03-30,E-Wallet
pm077,b176,1212.63,2026-01-29,FPX
pm078,b147,2697.77,2025-07-15,FPX
pm079,b17,4489.44,2026-04-13,E-Wallet
pm080,b43,3777.07,2025-09-12,Credit Card
pm081,b174,1439.02,2026-02-01,E-Wallet
pm082,b79,2378.65,2025-08-04,FPX
pm083,b123,3049.43,2026-01-22,Credit Card
pm084,b168,3022.14,2025-10-11,FPX
pm085,b177,4885.79,2025-07-20,FPX
pm086,b97,3652.77,2026-01-28,Credit Card
pm087,b106,976.77,2025-10-21,Credit Card
pm088,b101,2574.62,2026-04-02,FPX
pm089,b134,4296.08,2025-06-30,Credit Card
pm090,b31,4439.76,2025-12-10,FPX
pm091,b90,1536.17,2025-06-25,Credit Card
pm092,b74,4081.77,2025-06-17,E-Wallet
pm093,b77,1615.41,2025-08-01,E-Wallet
pm094,b109,1358.35,2025-12-04,Credit Card
pm095,b112,3522.26,2025-12-13,E-Wallet
pm096,b42,4598.04,2025-09-12,Credit Card
pm097,b148,2703.53,2026-01-27,Credit Card
pm098,b175,1267.22,2026-04-11,Credit Card
pm099,b190,556.18,2026-05-30,FPX
pm100,b8,2924.75,2026-01-30,E-Wallet
pm101,b92,3312.93,2025-08-01,FPX
pm102,b156,3607.55,2025-06-06,Credit Card
pm103,b65,4142.03,2026-02-10,FPX
pm104,b152,2698.11,2026-02-10,Credit Card
pm105,b187,3486.85,2026-02-15,Credit Card
pm106,b176,4710.9,2026-04-05,FPX
pm107,b92,2677.29,2025-12-23,FPX
pm108,b143,4659.08,2026-04-02,E-Wallet
pm109,b116,1595.6,2025-07-12,FPX
pm110,b198,3016.56,2025-09-16,FPX
pm111,b175,1921.78,2025-06-15,Credit Card
pm112,b124,4217.54,2026-05-09,FPX
pm113,b60,3790.53,2025-08-13,FPX
pm114,b73,844.77,2025-11-11,Credit Card
pm115,b178,4092.51,2025-09-07,FPX
pm116,b43,2965.07,2026-05-12,E-Wallet
pm117,b81,3484.56,2025-06-09,FPX
pm118,b74,3499.29,2025-12-06,FPX
pm119,b64,659.78,2025-11-26,Credit Card
pm120,b7,4002.36,2025-09-11,Credit Card
pm121,b93,3076.69,2026-01-11,Credit Card
pm122,b69,3902.53,2025-08-01,E-Wallet
pm123,b73,3832.79,2026-05-13,FPX
pm124,b106,4213.91,2026-05-18,E-Wallet
pm125,b117,798.89,2025-10-30,FPX
pm126,b85,4468.31,2026-05-13,E-Wallet
pm127,b179,4471.45,2025-06-12,Credit Card
pm128,b59,572.77,2026-06-05,FPX
pm129,b27,888.77,2025-10-16,E-Wallet
pm130,b59,1400.45,2025-07-24,Credit Card
pm131,b195,3713.22,2025-10-17,Credit Card
pm132,b178,3496.07,2025-06-07,Credit Card
pm133,b162,2900.38,2025-12-12,FPX
pm134,b184,2947.89,2025-11-10,Credit Card
pm135,b17,733.51,2025-07-02,FPX
pm136,b121,4435.92,2026-05-14,E-Wallet
pm137,b27,3259.32,2025-12-11,Credit Card
pm138,b149,2717.73,2025-12-07,E-Wallet
pm139,b13,2765.02,2026-05-29,Credit Card
pm140,b160,819.7,2026-03-10,Credit Card
pm141,b121,3871.37,2025-07-24,E-Wallet
pm142,b6,1270.75,2026-02-07,Credit Card
pm143,b184,2532.47,2026-03-30,FPX
pm144,b22,1218.1,2025-11-03,Credit Card
pm145,b84,3831.19,2026-05-07,E-Wallet
pm146,b41,2993.04,2026-03-09,E-Wallet
pm147,b109,4209.25,2025-09-07,E-Wallet
pm148,b136,3740.15,2025-07-02,FPX
pm149,b171,1987.47,2025-07-23,Credit Card
pm150,b11,761.34,2025-10-28,Credit Card
pm151,b51,2493.28,2026-04-06,E-Wallet
pm152,b189,1209.36,2025-09-06,E-Wallet
pm153,b33,1342.97,2026-04-07,FPX
pm154,b75,788.51,2025-08-19,E-Wallet
pm155,b77,4789.69,2025-11-28,E-Wallet
pm156,b70,597.11,2025-11-21,FPX
pm157,b188,1606.37,2025-06-28,Credit Card
pm158,b6,755.16,2025-09-10,E-Wallet
pm159,b109,2098.06,2025-07-31,Credit Card
pm160,b16,4927.55,2025-10-24,FPX
pm161,b112,3834.61,2026-05-07,FPX
pm162,b164,1033.92,2026-03-11,Credit Card
pm163,b81,4031.52,2025-12-01,Credit Card
pm164,b188,2986.08,2026-05-16,E-Wallet
pm165,b146,2325.94,2026-04-22,Credit Card
pm166,b177,549.94,2025-12-27,E-Wallet
pm167,b182,1250.18,2025-08-18,E-Wallet
pm168,b110,4341.9,2026-03-18,E-Wallet
pm169,b42,2006.68,2025-11-18,FPX
pm170,b169,4704.42,2025-09-06,Credit Card
pm171,b133,2802.56,2025-10-14,FPX
pm172,b161,2684.96,2025-09-17,Credit Card
pm173,b70,2020.3,2025-06-12,FPX
pm174,b182,2570.76,2025-06-08,E-Wallet
pm175,b66,4108.04,2025-12-01,FPX
pm176,b142,4698.62,2025-08-29,E-Wallet
pm177,b17,1717.18,2026-05-24,E-Wallet
pm178,b180,4782.97,2025-09-08,E-Wallet
pm179,b142,3757.89,2025-06-29,E-Wallet
pm180,b188,2902.8,2025-10-04,FPX
pm181,b129,4299.18,2026-02-17,Credit Card
pm182,b9,1171.3,2025-10-17,FPX
pm183,b7,3021.15,2025-10-21,Credit Card
pm184,b31,3560.36,2026-04-05,E-Wallet
pm185,b15,4127.84,2025-08-11,FPX
pm186,b162,4900.21,2026-03-24,FPX
pm187,b55,3927.72,2025-09-18,FPX
pm188,b3,4433.38,2026-01-30,FPX
pm189,b34,2159.59,2026-03-26,FPX
pm190,b102,3625.16,2025-11-01,FPX
pm191,b187,1853.36,2026-05-19,FPX
pm192,b39,2439.97,2026-03-30,E-Wallet
pm193,b132,1585.92,2025-09-22,E-Wallet
pm194,b126,2823.3,2026-01-09,E-Wallet
pm195,b166,3297.77,2025-07-15,Credit Card
pm196,b187,2612.62,2026-04-07,FPX
pm197,b163,699.97,2026-01-01,FPX
pm198,b18,2371.61,2025-11-19,FPX
pm199,b47,2712.6,2026-05-29,E-Wallet
pm200,b141,3954.69,2025-09-16,FPX
pm201,b63,3447.49,2026-03-02,FPX
pm202,b45,1317.06,2025-09-02,E-Wallet
pm203,b67,4924.29,2025-07-07,E-Wallet
pm204,b39,3018.05,2026-04-24,Credit Card
pm205,b24,1682.22,2025-10-14,E-Wallet
pm206,b182,564.82,2025-12-11,Credit Card
pm207,b41,931.35,2025-11-26,FPX
pm208,b132,2056.15,2026-02-09,Credit Card
pm209,b134,4761.19,2026-04-08,FPX
pm210,b52,2946.71,2025-09-20,Credit Card
pm211,b150,3765.1,2025-09-06,Credit Card
pm212,b178,4394.97,2025-09-15,FPX
pm213,b197,959.54,2025-09-23,Credit Card
pm214,b144,1795.18,2025-11-20,Credit Card
pm215,b63,4464.15,2025-11-12,FPX
pm216,b111,1452.44,2026-02-06,Credit Card
pm217,b162,1854.66,2026-03-04,E-Wallet
pm218,b114,3909.2,2025-10-18,E-Wallet
pm219,b128,1291.78,2025-08-02,E-Wallet
pm220,b51,4582.75,2026-02-25,Credit Card
pm221,b100,4710.41,2026-04-03,Credit Card
pm222,b111,2568.99,2025-11-02,FPX
pm223,b176,2920.9,2026-04-21,E-Wallet
pm224,b130,1070.17,2025-09-30,Credit Card
pm225,b177,2585.57,2025-08-15,Credit Card
pm226,b101,1720.42,2026-04-13,E-Wallet
pm227,b91,4533.72,2026-06-04,FPX
pm228,b180,1362.26,2026-01-25,FPX
pm229,b45,2926.28,2026-02-27,E-Wallet
pm230,b61,3262.47,2026-01-09,Credit Card
pm231,b90,2660.94,2025-11-01,FPX
pm232,b36,4797.72,2025-10-13,E-Wallet
pm233,b155,628.3,2025-09-15,Credit Card
pm234,b189,3420.34,2025-12-17,E-Wallet
pm235,b24,2309.94,2025-12-18,E-Wallet
pm236,b66,1255.24,2025-07-12,E-Wallet
pm237,b41,808.24,2026-03-29,E-Wallet
pm238,b83,2380.34,2026-01-24,E-Wallet
pm239,b46,3528.97,2025-06-24,FPX
pm240,b118,4659.43,2026-02-25,Credit Card
pm241,b101,2405.74,2025-07-07,E-Wallet
pm242,b146,4257.36,2025-11-27,FPX
pm243,b44,4361.57,2026-03-07,E-Wallet
pm244,b172,4138.02,2026-04-16,Credit Card
pm245,b182,3914.58,2026-05-22,FPX
pm246,b109,1456.51,2025-06-07,Credit Card
pm247,b92,1130.35,2026-03-16,Credit Card
pm248,b111,1909.33,2025-08-20,FPX
pm249,b134,1617.64,2026-02-05,Credit Card
pm250,b137,4702.11,2026-05-17,E-Wallet
pm251,b130,4982.34,2025-06-14,Credit Card
pm252,b41,2238.84,2025-08-01,Credit Card
pm253,b103,944.45,2025-08-25,E-Wallet
pm254,b90,751.77,2026-04-30,Credit Card
pm255,b117,3044.79,2025-06-21,E-Wallet
pm256,b178,755.55,2025-09-07,FPX
pm257,b40,1305.81,2026-02-24,FPX
pm258,b136,4465.39,2025-09-10,E-Wallet
pm259,b195,2045.99,2026-02-21,E-Wallet
pm260,b141,3245.56,2026-06-03,E-Wallet
pm261,b159,4007.65,2025-06-14,Credit Card
pm262,b82,4990.19,2025-09-09,FPX
pm263,b184,2225.18,2026-03-13,Credit Card
pm264,b111,1791.82,2026-01-03,Credit Card
pm265,b53,4870.72,2026-01-21,FPX
pm266,b12,2047.79,2026-05-23,Credit Card
pm267,b138,1610.57,2026-05-24,FPX
pm268,b175,3585.6,2026-04-24,E-Wallet
pm269,b5,2704.62,2025-11-17,FPX
pm270,b187,4393.58,2025-10-01,FPX
pm271,b160,3628.29,2026-05-08,Credit Card
pm272,b158,3317.75,2025-06-11,Credit Card
pm273,b44,2381.79,2025-11-01,Credit Card
pm274,b121,1746.81,2025-10-10,E-Wallet
pm275,b164,4650.81,2026-02-01,FPX
pm276,b146,4679.21,2026-05-15,E-Wallet
pm277,b152,2507.01,2025-12-06,FPX
pm278,b132,538.56,2025-11-09,E-Wallet
pm279,b69,2398.74,2026-01-17,E-Wallet
pm280,b137,3356.9,2026-03-25,Credit Card
pm281,b61,1098.58,2025-10-03,E-Wallet
pm282,b105,1716.55,2025-06-08,Credit Card
pm283,b160,673.6,2025-09-06,E-Wallet
pm284,b59,1359.44,2025-10-06,Credit Card
pm285,b63,2628.53,2025-10-25,FPX
pm286,b177,3394.58,2026-02-02,FPX
pm287,b86,1853.7,2025-08-03,Credit Card
pm288,b65,1626.68,2025-11-21,FPX
pm289,b7,1126.05,2025-11-22,FPX
pm290,b137,2228.16,2025-07-14,Credit Card
pm291,b181,2608.21,2026-02-17,FPX
pm292,b73,2482.09,2025-11-25,E-Wallet
pm293,b53,1471.02,2025-08-05,E-Wallet
pm294,b113,4125.62,2025-11-26,Credit Card
pm295,b158,1111.73,2025-08-27,FPX
pm296,b55,2559.1,2025-09-12,FPX
pm297,b151,4764.79,2025-08-30,FPX
pm298,b180,4885.26,2025-12-16,FPX
pm299,b31,3018.33,2025-11-27,Credit Card
pm300,b168,2144.6,2026-04-25,FPX
